row,vo_in,vo_out,source,id,src_in,src_out,move,vo_text,caption
1,0.00,4.32,AI,edit_ice_chunks_v07.mp4,0.00,4.32,,"Every half hour, Saturn's rings lose enough ice to fill an Olympic swimming pool.",
2,4.32,8.95,NASA,PIA08247,,,push 6%,It's raining into the planet right now. So how long do the rings have left?,
3,8.95,12.50,NASA,PIA20496,,,push 6%,"Stay with me, and you'll see where the ice goes,",
4,12.50,16.20,AI,veo_young_rings_v01.mp4,0.00,3.70,,"what the rings looked like when they were new,",
5,16.20,19.90,AI,veo_bare_saturn_v05.mp4,0.00,3.70,,and Saturn with nothing around it at all.,
6,19.90,21.40,CARD,The Rings Are Falling,,,,,
7,21.40,24.98,NASA,PIA11667,,,push 6%,Look along the sheet. It is not a solid disc. It is a crowd.,
8,24.98,30.14,NASA,PIA08248,,,push 6%,"Chunks of ice, from grains to boulders, each on its own path,",
9,30.14,35.43,NASA,PIA08992,,,push 6%,packed so tightly that they read as one bright blade.,
10,35.43,40.95,NASA,PIA14943,,,push 6%,The blade is enormous sideways — tens of thousands of kilometres —,
11,40.95,45.50,NASA,PIA12654,,,push 6%,and absurdly thin the other way. In places the main rings are only about ten metres thick.,
12,45.50,50.62,NASA,PIA20498,,,push 6%,"A playing field stood on edge, stretched around a world.",
13,50.62,56.00,NASA,PIA17156,,,push 6%,"Why does something that wide look so finished, and so fragile?",
14,56.00,61.00,NASA,PIA17474,,,push 6%,"Because you are seeing sunlight on ice, not a wall.",
15,61.00,66.00,NASA,PIA07872,,,push 6%,Photons bounce off clean water ice and come back almost white.,
16,66.00,71.00,NASA,PIA21628,,,push 6%,A little dust stains the older lanes a warmer colour.,
17,71.00,76.00,NASA,PIA06193,,,push 6%,The mass under that shine is small for the area it covers.,
18,76.00,81.00,NASA,PIA05075,,,push 6%,Cassini weighed the rings on its last orbits and found less than many maps had assumed —,
19,81.00,86.00,NASA,PIA00335,,,push 6%,on the order of two fifths of the little moon Mimas.,
20,86.00,91.00,NASA,PIA05076,,,push 6%,"A lot of scenery. Not a lot of stuff. The mystery starts as a fall, not as a monument.",
21,91.00,96.00,NASA,PIA08963,,,push 6%,But the picture that brought you here is already the danger.,
22,96.00,101.00,OMNI,orbit_along_rings_omni.mp4,0.00,5.00,,Does the fall ever stop? It does not stop while you are watching.,PENDING Ben OK — Vertex Omni one-shot 500 api_error; not locked
23,101.00,106.00,NASA,PIA21339,,,push 6%,Gravity keeps every chunk moving. The smallest grains are already leaking inward.,
24,106.00,111.00,NASA,PIA01388,,,push 6%,What would you see if you waited? Not a collapse in the news.,
25,111.00,116.00,NASA,PIA08850,,,push 6%,A slow thinning. Then a planet that has spent the jewellery.,
26,116.00,119.66,NASA,PIA18295,,,push 5%,How long that takes is the question we are saving for the rain.,
27,119.66,121.16,CARD,"Ice, Not Rock",,,,,
28,121.16,125.80,NASA,PIA21058,,,push 6%,Now the question changes. What is that jewellery made of?,
29,125.80,130.50,NASA,PIA02275,,,push 6%,Come in close enough that the blade breaks into pieces.,
30,130.50,135.50,NASA,PIA21057,,,push 6%,"Ice. Not rock. Water ice, the same bright mineral as a comet,",
31,135.50,140.50,NASA,PIA11569,,,push 6%,"dirty in places and clean in others. Most of the mass sits in chunks you could hold,",
32,140.50,145.50,NASA,PIA10081,,,push 6%,or in boulders the size of a house.,Illustration
33,145.50,150.50,NASA,PIA09805,,,push 6%,Rocky dust rides with the ice and slowly stains it cream to tan.,
34,150.50,156.00,NASA,PIA21618,,,push 6%,Why call it a ring if it is only a crowd of snowballs? Because the crowd is flat.,
35,156.00,161.50,NASA,PIA12727,,,push 6%,"Saturn's gravity, and the moons that shepherd the edges, pack the paths into a plane.",
36,161.50,166.50,NASA,PIA06092,,,push 6%,The gaps are emptier roads. The ice that remains still circles.,
37,166.50,171.50,NASA,PIA07616,,,push 6%,It does not sit. There is no roof.,
38,171.50,177.00,NASA,PIA09908,,,push 6%,Drop through those ten metres and you are in open space again.,
39,177.00,182.00,NASA,PIA21621,,,push 6%,"The atmosphere sits far below the inner edge, banded and pale.",
40,182.00,187.00,NASA,PIA12641,,,push 6%,The unknown is not the recipe. The unknown is the leak.,
41,187.00,192.00,NASA,PIA21886,,,push 6%,"However bright the ice looks, brightness is not a promise that it stays.",
42,192.00,197.50,NASA,PIA08844,,,push 6%,"That is the first answer: the famous sheet is only ice,",
43,197.50,203.00,NASA,PIA14623,,,push 6%,and it is already slipping away.,
44,203.00,208.50,NASA,PIA20502,,,push 5%,We make one of these every week. Subscribing is how the next one finds you.,
45,208.50,210.70,CARD,The Rain Into Saturn,,,,,
46,210.70,216.30,GODDARD,SVS_12672_ring_rain.mp4,0.00,5.60,,Here is one way they go — the smallest grains get a charge.,
47,216.30,221.50,NASA,PIA16842,,,push 5%,"Sunlight and the plasma around Saturn knock electrons about, and a tiny piece of ice stops being neutral.",Illustration
48,221.50,226.50,NASA,PIA13697,,,push 5%,Saturn's magnetic field already threads the ring plane. A charged grain feels that field.,Saturn's magnetic field
49,226.50,231.50,NASA,PIA13402,,,push 6%,"It is lifted off its calm circle and guided down, along the magnetic path, into the upper atmosphere.",Saturn's magnetic field
50,231.50,236.50,NASA,PIA21337,,,push 6%,"There the ice becomes vapour. Water, arriving from above. Ring rain.",
51,236.50,241.50,NASA,PIA18290,,,push 6%,We did not need a spacecraft inside that rain to know it was there.,
52,241.50,246.50,NASA,PIA03162,,,push 5%,"Astronomers on Earth, using the Keck telescope, watched the glow of that water in Saturn's upper air",
53,246.50,251.50,NASA,PIA03160,,,push 6%,and measured how fast the ice was leaving.,
54,251.50,257.00,NASA,PIA21047,,,push 6%,"At that magnetic rain rate alone, the sheet would last about three hundred million years.",
55,257.00,262.00,NASA,PIA21439,,,push 5%,But that is only one path down. Cassini went closer.,illustration
56,262.00,267.00,NASA,PIA22767,,,push 5%,In 2017 the orbiter flew twenty-two times through the gap,illustration
57,267.00,272.00,NASA,PIA22768,,,push 5%,between the innermost ring and the cloud tops.,illustration
58,272.00,277.00,NASA,PIA22766,,,push 5%,It was not sampling the magnetic rain from mid-latitudes.,illustration
59,277.00,282.50,NASA,PIA21440,,,push 5%,It was flying through something bigger: material pouring off the innermost ring —,illustration
60,282.50,287.50,NASA,PIA17150,,,push 6%,the D ring — straight into Saturn's equator.,
61,287.50,292.50,NASA,PIA08990,,,push 6%,That equatorial inflow is a heavier leak than the magnetic rain alone.,
62,292.50,298.00,NASA,PIA21903,,,push 6%,"Add it to the books, and the sheet's remaining life drops to around a hundred million years.",
63,298.00,303.50,NASA,PIA21345,,,push 6%,So how long does the bright sheet have?,
64,303.50,309.00,NASA,PIA21046,,,push 6%,"Put both measurements together and the honest answer is a range,",
65,309.00,314.50,NASA,PIA12677,,,push 6%,somewhere between about a hundred and three hundred million years.,
66,314.50,319.50,NASA,PIA08265,,,push 6%,A blink next to Saturn's four and a half billion years.,
67,319.50,324.50,NASA,PIA08869,,,push 6%,You would not see either leak as weather from a window.,
68,324.50,329.50,NASA,PIA11671,,,push 6%,"The grains are too fine, and the fall is too spread out.",
69,329.50,334.50,NASA,PIA06175,,,push 6%,"What you would see, if you could watch for an age,",
70,334.50,340.52,NASA,PIA02241,,,push 6%,"is the sheet growing thinner, while Saturn's bands stay put.",
71,340.52,345.50,NASA,PIA01966,,,push 6%,Now look backward. The rain implies a beginning.,
72,345.50,347.00,CARD,When the Rings Were New,,,,,
73,347.00,351.50,NASA,PIA01969,,,push 6%,"Wind the clock back along that same scale,",
74,351.50,355.80,AI,veo_young_rings_v01.mp4,3.70,8.00,,"and the sheet changes. More mass. Cleaner ice. A harder white,",
75,355.80,360.50,NASA,PIA01940,,,push 6%,because the dust had not had time to dirty it.,
76,360.50,365.50,NASA,PIA07873,,,push 6%,Saturn would still have been the ringed one — only more so.,
77,365.50,370.50,NASA,PIA18278,,,push 6%,A broader blade. A brighter one.,
78,370.50,375.50,NASA,PIA17176,,,push 6%,The planet underneath was already the planet. The rings look like a late arrival.,
79,375.50,380.50,NASA,PIA11141,,,push 6%,"Why ""new"", when Saturn itself is about four and a half billion years old?",
80,380.50,385.50,NASA,PIA01486,,,push 5%,"Because a heavy, ancient ring would still be heavy, unless most of its mass has already gone in.",
81,385.50,390.50,NASA,PIA22418,,,push 6%,Most researchers read Cassini's low mass as young — a few hundred million years at most.,
82,390.50,395.50,NASA,PIA18274,,,push 6%,"A few argue the rings could still be old, and hide their age another way.",
83,395.50,400.50,NASA,PIA18301,,,push 6%,The debate is open. The honest line is narrower than a slogan.,
84,400.50,405.50,NASA,PIA20497,,,push 6%,"The rings you see are ice, they are already leaving, and their birthday is not settled.",
85,405.50,410.50,NASA,PIA06425,,,push 6%,"What if a moon came too close, and came apart?",an idea
86,410.50,415.50,NASA,PIA12785,,,push 6%,"That idea fits a young mass, and it is still an idea.",an idea
87,415.50,420.50,NASA,PIA12786,,,push 6%,"Inside the Roche limit, Saturn's gravity can pull a moon into rubble,",an idea
88,420.50,425.50,NASA,PIA08903,,,push 6%,and rubble in a plane becomes a ring.,an idea
89,425.50,430.50,NASA,PIA06098,,,push 6%,"Whatever their birthday, the rings you know are ice,",
90,430.50,433.00,CARD,Saturn Without Them,,,,,
91,433.00,437.30,AI,veo_bare_saturn_v05.mp4,3.70,8.00,,"Take the ice away, and stay with the planet.",
92,437.30,442.00,NASA,PIA21888,,,push 6%,Saturn is still there. Pale gold bands.,
93,442.00,447.00,OMNI,orbit_bare_omni.mp4,0.00,5.00,,"A fast day, a little over ten hours,",
94,447.00,452.00,NASA,PIA14945,,,push 6%,written as soft stripes in a deep atmosphere.,
95,452.00,457.00,NASA,PIA20507,,,push 6%,The curve of the planet runs clean.,
96,457.00,462.00,NASA,PIA21052,,,push 6%,The shadow the rings used to cast on the clouds is gone.,
97,462.00,467.00,NASA,PIA18294,,,push 6%,The famous thing was never the body. It was the ice in orbit around the body.,
98,467.00,472.00,NASA,PIA20528,,,push 6%,"What would you see, standing in that later sky? A giant,",
99,472.00,477.00,NASA,PIA21334,,,push 6%,"banded and bright, ordinary once you stop using the rings as the definition.",
100,477.00,482.00,NASA,PIA21327,,,push 6%,You would feel the oddness in the absence. The planet does not notice.,
101,482.00,487.00,NASA,PIA11613,,,push 6%,"The rain simply finishes, and the paths that carried it have nothing left to carry.",
102,487.00,492.00,NASA,PIA17148,,,push 6%,"So the whole story fits in one breath. You would see a thin sheet of water ice,",
103,492.00,497.00,NASA,PIA18367,,,push 6%,"vast and bright, already raining into Saturn.",
104,497.00,502.50,NASA,PIA18313,,,push 6%,"Magnetic rain measured from Earth, and a heavier equatorial leak Cassini flew through on its last dives.",
105,502.50,507.50,NASA,PIA17127,,,push 6%,"The mass is too small for a forever-disc,",
106,507.50,513.00,NASA,PIA18314,,,push 6%,so the clock sits somewhere between about a hundred and three hundred million years.,
107,513.00,518.00,NASA,PIA12590,,,push 6%,The rings are a phase. Saturn is the thing that remains.,
108,518.00,523.00,NASA,PIA20530,,,push 6%,What else in the sky are you treating as permanent only because it is bright?,
109,523.00,528.12,NASA,PIA21350,,,push 5%,The rings are the clearest case. The mystery is how much of that sky is temporary. Next: What Happens When the Last Star Dies?,
110,528.12,548.12,NASA,PIA17218,,,slow push 7%,[END HOLD — music fades ~10s; picture fades last ~2s],
