row,vo_in,vo_out,source,id,src_in,src_out,move,vo_text,caption,notes
1,0.00,4.32,AI,edit_ice_chunks_v07.mp4,0.00,4.32,,"Every half hour, Saturn's rings lose enough ice to fill an Olympic swimming pool.",,
2,4.32,8.95,NASA,PIA08247,,,push 6%,It's raining into the planet right now. So how long do the rings have left?,,
3,8.95,12.50,NASA,PIA20496,,,push 6%,"Stay with me, and you'll see where the ice goes,",,
4,12.50,16.20,AI,veo_young_rings_v01.mp4,0.00,3.70,,"what the rings looked like when they were new,",,
5,16.20,17.40,AI,veo_bare_saturn_v05.mp4,0.00,3.70,,and Saturn with nothing around it at all.,, · v03h pre-card VO align
6,17.40,18.05,BREATH,breath_before_The_Rings_Are_Falling,,,,,,0.65s music-only breath; xfade 0.4s into next card
7,18.05,19.55,CARD,The Rings Are Falling,,,,,,xfade_in=0.4
8,19.55,23.13,NASA,PIA11667,,,push 6%,Look along the sheet. It is not a solid disk. It is a crowd.,,
9,23.13,28.29,NASA,PIA08248,,,push 6%,"Chunks of ice, from grains to boulders, each on its own path,",,
10,28.29,33.58,NASA,PIA08992,,,push 6%,packed so tightly that they read as one bright blade.,,
11,33.58,39.10,NASA,PIA14943,,,push 6%,The blade is enormous sideways — tens of thousands of kilometres —,,
12,39.10,43.65,NASA,PIA12654,,,push 6%,and absurdly thin the other way. In places the main rings are only about ten metres thick.,,
13,43.65,48.77,NASA,PIA20498,,,push 6%,"A playing field stood on edge, stretched around a world.",,
14,48.77,54.15,NASA,PIA17156,,,push 6%,"Why does something that wide look so finished, and so fragile?",,
15,54.15,59.15,NASA,PIA17474,,,push 6%,"Because you are seeing sunlight on ice, not a wall.",,
16,59.15,64.15,NASA,PIA07872,,,push 6%,Photons bounce off clean water ice and come back almost white.,,
17,64.15,69.15,NASA,PIA21628,,,push 6%,A little dust stains the older lanes a warmer colour.,,
18,69.15,74.15,NASA,PIA06193,,,push 6%,The mass under that shine is small for the area it covers.,,
19,74.15,79.15,NASA,PIA05075,,,push 6%,Cassini weighed the rings on its last orbits and found less than many maps had assumed —,,
20,79.15,84.15,NASA,PIA00335,,,push 6%,on the order of two fifths of the little moon Mimas.,,
21,84.15,89.15,NASA,PIA05076,,,push 6%,"A lot of scenery. Not a lot of stuff. The mystery starts as a fall, not as a monument.",,
22,89.15,95.15,NASA,PIA08963,,,push 6%,But the picture that brought you here is already the danger.,,
23,95.15,98.15,AI,veo_orbit_tumble_v03_fallback_0-3s.mp4,0.00,3.00,,Does the fall ever stop? It does not stop while you are watching.,,
24,98.15,104.15,NASA,PIA21339,,,push 6%,Gravity keeps every chunk moving. The smallest grains are already leaking inward.,,
25,104.15,109.15,NASA,PIA01388,,,push 6%,What would you see if you waited? Not a collapse in the news.,,
26,109.15,114.15,NASA,PIA08850,,,push 6%,A slow thinning. Then a planet that has spent the jewellery.,,
27,114.15,124.35,NASA,PIA18295,,,push 5%,How long that takes is the question we are saving for the rain.,, · v03h pre-card VO align
28,124.35,125.00,BREATH,"breath_before_Ice,_Not_Rock",,,,,,0.65s music-only breath; xfade 0.4s into next card
29,125.00,126.50,CARD,"Ice, Not Rock",,,,,,xfade_in=0.4
30,126.50,131.14,NASA,PIA21058,,,push 6%,Now the question changes. What is that jewellery made of?,,
31,131.14,135.84,NASA,PIA02275,,,push 6%,Come in close enough that the blade breaks into pieces.,,
32,135.84,140.84,NASA,PIA21057,,,push 6%,"Ice. Not rock. Water ice, the same bright mineral as a comet,",,
33,140.84,145.84,NASA,PIA11569,,,push 6%,"dirty in places and clean in others. Most of the mass sits in chunks you could hold,",,
34,145.84,150.84,NASA,PIA10081,,,push 6%,or in boulders the size of a house.,Illustration,
35,150.84,155.84,NASA,PIA09805,,,push 6%,Rocky dust rides with the ice and slowly stains it cream to tan.,,
36,155.84,161.34,NASA,PIA21618,,,push 6%,Why call it a ring if it is only a crowd of snowballs? Because the crowd is flat.,,
37,161.34,166.84,NASA,PIA12727,,,push 6%,"Saturn's gravity, and the moons that shepherd the edges, pack the paths into a plane.",,
38,166.84,171.84,NASA,PIA06092,,,push 6%,The gaps are emptier roads. The ice that remains still circles.,,
39,171.84,176.84,NASA,PIA07616,,,push 6%,It does not sit. There is no roof.,,
40,176.84,182.34,NASA,PIA09908,,,push 6%,Drop through those ten metres and you are in open space again.,,
41,182.34,187.34,NASA,PIA21621,,,push 6%,"The atmosphere sits far below the inner edge, banded and pale.",,
42,187.34,192.34,NASA,PIA12641,,,push 6%,The unknown is not the recipe. The unknown is the leak.,,
43,192.34,197.34,NASA,PIA21886,,,push 6%,"However bright the ice looks, brightness is not a promise that it stays.",,
44,197.34,202.84,NASA,PIA08844,,,push 6%,"That is the first answer: the famous sheet is only ice,",,
45,202.84,208.34,NASA,PIA14623,,,push 6%,and it is already slipping away.,,
46,208.34,212.18,NASA,PIA20502,,,push 5%,We make one of these every week. Subscribing is how the next one finds you.,, · v03h pre-card VO align
47,212.18,212.83,BREATH,breath_before_The_Rain_Into_Saturn,,,,,,0.65s music-only breath; xfade 0.4s into next card
48,212.83,215.03,CARD,The Rain Into Saturn,,,,,,xfade_in=0.4
49,215.03,220.63,GODDARD,SVS_12672_ring_rain.mp4,22.60,28.20,,Here is one way they go — the smallest grains get a charge.,,muted
50,220.63,225.83,NASA,PIA16842,,,push 5%,"Sunlight and the plasma around Saturn knock electrons about, and a tiny piece of ice stops being neutral.",Illustration,
51,225.83,230.83,NASA,PIA13697,,,push 5%,Saturn's magnetic field already threads the ring plane. A charged grain feels that field.,Saturn's magnetic field,
52,230.83,235.83,NASA,PIA13402,,,push 6%,"It is lifted off its calm circle and guided down, along the magnetic path, into the upper atmosphere.",Saturn's magnetic field,
53,235.83,240.83,GODDARD,SVS_12672_ring_rain.mp4,35.00,40.00,,"There the ice becomes vapour. Water, arriving from above. Ring rain.",,muted · ice raining into atmosphere
54,240.83,245.83,NASA,PIA18290,,,push 6%,We did not need a spacecraft inside that rain to know it was there.,,
55,245.83,250.83,NASA,PIA03162,,,push 5%,"Astronomers on Earth, using the Keck telescope, watched the glow of that water in Saturn's upper air",,
56,250.83,255.83,NASA,PIA03160,,,push 6%,and measured how fast the ice was leaving.,,
57,255.83,261.33,NASA,PIA21047,,,push 6%,"At that magnetic rain rate alone, the sheet would last about three hundred million years.",,
58,261.33,266.33,NASA,PIA21439,,,push 5%,But that is only one path down. Cassini went closer.,illustration,
59,266.33,271.33,NASA,PIA22767,,,push 5%,In 2017 the orbiter flew twenty-two times through the gap,illustration,
60,271.33,276.33,NASA,PIA22768,,,push 5%,between the innermost ring and the cloud tops.,illustration,
61,276.33,281.33,NASA,PIA22766,,,push 5%,It was not sampling the magnetic rain from mid-latitudes.,illustration,
62,281.33,286.83,NASA,PIA21440,,,push 5%,It was flying through something bigger: material pouring off the innermost ring —,illustration,
63,286.83,291.83,NASA,PIA17150,,,push 6%,the D ring — straight into Saturn's equator.,,
64,291.83,296.83,NASA,PIA08990,,,push 6%,That equatorial inflow is a heavier leak than the magnetic rain alone.,,
65,296.83,302.33,NASA,PIA21903,,,push 6%,"Add it to the books, and the sheet's remaining life drops to around a hundred million years.",,
66,302.33,307.83,NASA,PIA21345,,,push 6%,So how long does the bright sheet have?,,
67,307.83,313.33,NASA,PIA21046,,,push 6%,"Put both measurements together and the honest answer is a range,",,
68,313.33,318.83,NASA,PIA12677,,,push 6%,somewhere between about a hundred and three hundred million years.,,
69,318.83,323.83,NASA,PIA08265,,,push 6%,A blink next to Saturn's four and a half billion years.,,
70,323.83,328.83,NASA,PIA08869,,,push 6%,You would not see either leak as weather from a window.,,
71,328.83,333.83,NASA,PIA11671,,,push 6%,"The grains are too fine, and the fall is too spread out.",,
72,333.83,338.83,NASA,PIA06175,,,push 6%,"What you would see, if you could watch for an age,",,
73,338.83,344.85,NASA,PIA02241,,,push 6%,"is the sheet growing thinner, while Saturn's bands stay put.",,
74,344.85,348.53,NASA,PIA01966,,,push 6%,Now look backward. The rain implies a beginning.,, · v03h pre-card VO align
75,348.53,349.18,BREATH,breath_before_When_the_Rings_Were_New,,,,,,0.65s music-only breath; xfade 0.4s into next card
76,349.18,350.68,CARD,When the Rings Were New,,,,,,xfade_in=0.4
77,350.68,355.18,NASA,PIA01969,,,push 6%,"Wind the clock back along that same scale,",,
78,355.18,359.48,AI,veo_young_rings_v01.mp4,3.70,8.00,,"and the sheet changes. More mass. Cleaner ice. A harder white,",,
79,359.48,364.18,NASA,PIA01940,,,push 6%,because the dust had not had time to dirty it.,,
80,364.18,369.18,NASA,PIA07873,,,push 6%,Saturn would still have been the ringed one — only more so.,,
81,369.18,374.18,NASA,PIA18278,,,push 6%,A broader blade. A brighter one.,,
82,374.18,379.18,NASA,PIA17176,,,push 6%,The planet underneath was already the planet. The rings look like a late arrival.,,
83,379.18,384.18,NASA,PIA11141,,,push 6%,"Why ""new"", when Saturn itself is about four and a half billion years old?",,
84,384.18,389.18,NASA,PIA01486,,,push 5%,"Because a heavy, ancient ring would still be heavy, unless most of its mass has already gone in.",,
85,389.18,394.18,NASA,PIA22418,,,push 6%,Most researchers read Cassini's low mass as young — a few hundred million years at most.,,
86,394.18,399.18,NASA,PIA18274,,,push 6%,"A few argue the rings could still be old, and hide their age another way.",,
87,399.18,404.18,NASA,PIA18301,,,push 6%,The debate is open. The honest line is narrower than a slogan.,,
88,404.18,409.18,NASA,PIA20497,,,push 6%,"The rings you see are ice, they are already leaving, and their birthday is not settled.",,
89,409.18,414.18,NASA,PIA06425,,,push 6%,"What if a moon came too close, and came apart?",an idea,
90,414.18,419.18,NASA,PIA12785,,,push 6%,"That idea fits a young mass, and it is still an idea.",an idea,
91,419.18,424.18,NASA,PIA12786,,,push 6%,"Inside the Roche limit, Saturn's gravity can pull a moon into rubble,",an idea,
92,424.18,429.18,NASA,PIA08903,,,push 6%,and rubble in a plane becomes a ring.,an idea,
93,429.18,433.51,NASA,PIA06098,,,push 6%,"Whatever their birthday, the rings you know are ice,",, · v03h pre-card VO align
94,433.51,434.16,BREATH,breath_before_Saturn_Without_Them,,,,,,0.65s music-only breath; xfade 0.4s into next card
95,434.16,436.66,CARD,Saturn Without Them,,,,,,xfade_in=0.4
96,436.66,440.96,AI,veo_bare_saturn_v05.mp4,3.70,8.00,,"Take the ice away, and stay with the planet.",,
97,440.96,445.66,NASA,PIA21888,,,push 6%,Saturn is still there. Pale gold bands.,,
98,445.66,450.66,NASA,PIA12633,,,push 5%,"A fast day, a little over ten hours,",,temp until Omni
99,450.66,455.66,NASA,PIA14945,,,push 6%,written as soft stripes in a deep atmosphere.,,
100,455.66,460.66,NASA,PIA20507,,,push 6%,The curve of the planet runs clean.,,
101,460.66,465.66,NASA,PIA21052,,,push 6%,The shadow the rings used to cast on the clouds is gone.,,
102,465.66,470.66,NASA,PIA18294,,,push 6%,The famous thing was never the body. It was the ice in orbit around the body.,,
103,470.66,475.66,NASA,PIA20528,,,push 6%,"What would you see, standing in that later sky? A giant,",,
104,475.66,480.66,NASA,PIA21334,,,push 6%,"banded and bright, ordinary once you stop using the rings as the definition.",,
105,480.66,485.66,NASA,PIA21327,,,push 6%,You would feel the oddness in the absence. The planet does not notice.,,
106,485.66,490.66,NASA,PIA11613,,,push 6%,"The rain simply finishes, and the paths that carried it have nothing left to carry.",,
107,490.66,495.66,NASA,PIA17148,,,push 6%,"So the whole story fits in one breath. You would see a thin sheet of water ice,",,
108,495.66,500.66,NASA,PIA18367,,,push 6%,"vast and bright, already raining into Saturn.",,
109,500.66,506.16,NASA,PIA18313,,,push 6%,"Magnetic rain measured from Earth, and a heavier equatorial leak Cassini flew through on its last dives.",,
110,506.16,511.16,NASA,PIA17127,,,push 6%,"The mass is too small for a forever-disk,",,
111,511.16,516.66,NASA,PIA18314,,,push 6%,so the clock sits somewhere between about a hundred and three hundred million years.,,
112,516.66,521.66,NASA,PIA12590,,,push 6%,The rings are a phase. Saturn is the thing that remains.,,
113,521.66,526.66,NASA,PIA20530,,,push 6%,What else in the sky are you treating as permanent only because it is bright?,,
114,526.66,536.07,NASA,PIA21350,,,push 5%,The rings are the clearest case. The mystery is how much of that sky is temporary. Next: What Happens When the Last Star Dies?,, · +4.29s to finish VO
115,536.07,551.07,NASA,PIA17218,,,slow push 7%,"[END HOLD — 2.5s after last VO, then music fades; picture fades last ~2s]",,v03c full-VO then hold
