#,VO_in,VO_out,VO_in_s,VO_out_s,VO_line,shot_description,tag,source_url_or_file,licence_note,asset_key
1,00:00.00,00:05.52,0.0,5.52,Every half hour Saturn's rings lose enough ice to fill an Olympic,NASA Goddard 2018 ring-rain visualisation — ice falling from rings into Saturn (opening / rain beats),NASA,https://svs.gsfc.nasa.gov/12672/,NASA Goddard Scientific Visualization Studio — SVS #12672 Saturn's Rings Are Disappearing (2018 ring-rain viz),ring_rain_svs
2,00:05.52,00:11.05,5.52,11.05,swimming pool It's raining into the planet right now So how long do,NASA Goddard 2018 ring-rain visualisation — ice falling from rings into Saturn (opening / rain beats),NASA,https://svs.gsfc.nasa.gov/12672/,NASA Goddard Scientific Visualization Studio — SVS #12672 Saturn's Rings Are Disappearing (2018 ring-rain viz),ring_rain_svs
3,00:11.05,00:16.57,11.05,16.57,the rings have left Stay with me and you'll see where the,Cassini Saturn nested in ice rings,NASA,https://photojournal.jpl.nasa.gov/catalog/PIA08388,NASA/JPL-Caltech/Space Science Institute (no endorsement implied) — PIA08388 On the Final Frontier,pia08388
4,00:16.57,00:22.09,16.57,22.09,ice goes what the rings looked like when they were new and,Cassini inside-out rings over the limb,NASA,https://photojournal.jpl.nasa.gov/catalog/PIA21897,NASA/JPL-Caltech/Space Science Institute (no endorsement implied) — PIA21897 Inside-Out Rings over limb,pia21897
5,00:22.09,00:27.62,22.09,27.62,Saturn with nothing around it at all Look along the sheet The mystery,Cassini natural-colour global Saturn + rings portrait,NASA,https://photojournal.jpl.nasa.gov/catalog/PIA06193,NASA/JPL-Caltech/Space Science Institute (no endorsement implied) — PIA06193 Greatest Saturn Portrait,pia06193
6,00:27.62,00:33.14,27.62,33.14,starts as a fall not as a monument It is not a,Cassini Division close — gaps as emptier roads,NASA,https://photojournal.jpl.nasa.gov/catalog/PIA06092,NASA/JPL-Caltech/Space Science Institute (no endorsement implied) — PIA06092 Cassini Division,pia06092
7,00:33.14,00:38.67,33.14,38.67,solid disc It is a crowd Chunks of ice from grains to,Ice crowd — chunks/grains (approved AI; v07 edge fix only),approved-AI,v07/edit_ice_chunks_v07.mp4,Approved AI ice crowd v07 — fix one dark edge only,ice_clip_v07
8,00:38.67,00:44.19,38.67,44.19,boulders each on its own path packed so tightly that they read as,Approved open rings still — science cover only if NASA gap,approved-AI,stills_v06/saturn_open_rings_v06.png,Approved AI still — open rings plate,open_still_v06
9,00:44.19,00:49.71,44.19,49.71,one bright blade The blade is enormous sideways tens of thousands of,Cassini natural-colour global Saturn + rings portrait,NASA,https://photojournal.jpl.nasa.gov/catalog/PIA06193,NASA/JPL-Caltech/Space Science Institute (no endorsement implied) — PIA06193 Greatest Saturn Portrait,pia06193
10,00:49.71,00:55.24,49.71,55.24,kilometres and absurdly thin the other way In places the main rings,Cassini Saturn nested in ice rings,NASA,https://photojournal.jpl.nasa.gov/catalog/PIA08388,NASA/JPL-Caltech/Space Science Institute (no endorsement implied) — PIA08388 On the Final Frontier,pia08388
11,00:55.24,01:00.76,55.24,60.76,are only about ten metres thick A playing field stood on edge stretched,NEW Veo world — absurdly thin blade / ten-metre thickness (no Orbit),new-Veo-world,(to generate after Ben OK),New Veo world — edge-on thin blade / ten-metre thickness; NO Orbit,edge_on_veo
12,01:00.76,01:06.28,60.76,66.28,around a world Why does something that wide look so finished and,Cassini inside-out rings over the limb,NASA,https://photojournal.jpl.nasa.gov/catalog/PIA21897,NASA/JPL-Caltech/Space Science Institute (no endorsement implied) — PIA21897 Inside-Out Rings over limb,pia21897
13,01:06.28,01:11.81,66.28,71.81,so fragile Because you are seeing sunlight on ice not a wall,Cassini groovy rings close-up — ice texture,NASA,https://photojournal.jpl.nasa.gov/catalog/PIA05396,NASA/JPL-Caltech/Space Science Institute (no endorsement implied) — PIA05396 Groovy rings close,pia05396
14,01:11.81,01:17.33,71.81,77.33,Photons bounce off clean water ice and come back almost white A little,Cassini unlit-side rings — sunlight through ice,NASA,https://photojournal.jpl.nasa.gov/catalog/PIA09851,NASA/JPL-Caltech/Space Science Institute (no endorsement implied) — PIA09851 Scattered Sunlight (unlit side),pia09851
15,01:17.33,01:22.86,77.33,82.86,dust stains the older lanes a warmer colour The mass under that,Cassini natural-colour global Saturn + rings portrait,NASA,https://photojournal.jpl.nasa.gov/catalog/PIA06193,NASA/JPL-Caltech/Space Science Institute (no endorsement implied) — PIA06193 Greatest Saturn Portrait,pia06193
16,01:22.86,01:28.38,82.86,88.38,shine is small for the area it covers Cassini weighed the rings,Cassini farewell mosaic — full Saturn + rings,NASA,https://photojournal.jpl.nasa.gov/catalog/PIA17218,NASA/JPL-Caltech/Space Science Institute (no endorsement implied) — PIA17218 A Farewell to Saturn,pia17218
17,01:28.38,01:33.90,88.38,93.9,on its last orbits and found less than many maps had assumed on,Cassini Saturn nested in ice rings,NASA,https://photojournal.jpl.nasa.gov/catalog/PIA08388,NASA/JPL-Caltech/Space Science Institute (no endorsement implied) — PIA08388 On the Final Frontier,pia08388
18,01:33.90,01:39.43,93.9,99.43,the order of two fifths of the little moon Mimas A lot,Cassini grace of Saturn — rings winding past horizon,NASA,https://photojournal.jpl.nasa.gov/catalog/PIA21352,NASA/JPL-Caltech/Space Science Institute (no endorsement implied) — PIA21352 The Grace of Saturn,pia21352
19,01:39.43,01:44.95,99.43,104.95,of scenery Not a lot of stuff But the picture that brought,Cassini natural-colour global Saturn + rings portrait,NASA,https://photojournal.jpl.nasa.gov/catalog/PIA06193,NASA/JPL-Caltech/Space Science Institute (no endorsement implied) — PIA06193 Greatest Saturn Portrait,pia06193
20,01:44.95,01:50.47,104.95,110.47,you here is already the danger Does the fall ever stop It does,NASA ring-rain study still / artist's thinning rings — clock / lifetime beat,NASA,https://www.nasa.gov/news-release/nasa-research-reveals-saturn-is-losing-its-rings-at-worst-case-scenario-rate/,NASA Goddard press imagery / O'Donoghue ring-rain stills,ring_rain_press
21,01:50.47,01:56.00,110.47,116.0,not stop while you are watching Gravity keeps every chunk moving The,Cassini ring / shepherd moon shadows on the planet,NASA,https://photojournal.jpl.nasa.gov/catalog/PIA11561,NASA/JPL-Caltech/Space Science Institute (no endorsement implied) — PIA11561 ring/moon shadows,pia11561
22,01:56.00,02:01.52,116.0,121.52,smallest grains are already leaking inward What would you see if you,Cassini Saturn nested in ice rings,NASA,https://photojournal.jpl.nasa.gov/catalog/PIA08388,NASA/JPL-Caltech/Space Science Institute (no endorsement implied) — PIA08388 On the Final Frontier,pia08388
23,02:01.52,02:07.05,121.52,127.05,waited Not a collapse in the news A slow thinning Then a planet,NEW Veo world — sheet slowly thinning (no Orbit),new-Veo-world,(to generate after Ben OK),New Veo world — sheet thinning over time; NO Orbit,thinning_veo
24,02:07.05,02:12.57,127.05,132.57,that has spent the jewellery How long that takes is the question,Ice crowd — chunks/grains (approved AI; v07 edge fix only),approved-AI,stills_v05/saturn_ice_chunks_v05.png,Approved AI still — ice crowd,ice_still_v05
25,02:12.57,02:18.09,132.57,138.09,we are saving for the rain Now the question changes What is,Cassini natural-colour global Saturn + rings portrait,NASA,https://photojournal.jpl.nasa.gov/catalog/PIA06193,NASA/JPL-Caltech/Space Science Institute (no endorsement implied) — PIA06193 Greatest Saturn Portrait,pia06193
26,02:18.09,02:23.62,138.09,143.62,that jewellery made of Come in close enough that the blade breaks into,Ice crowd — chunks/grains (approved AI; v07 edge fix only),approved-AI,stills_v05/saturn_ice_chunks_v05.png,Approved AI still — ice crowd,ice_still_v05
27,02:23.62,02:29.14,143.62,149.14,pieces Ice Not rock Water ice the same bright mineral as a,Ice crowd — chunks/grains (approved AI; v07 edge fix only),approved-AI,stills_v05/saturn_ice_chunks_v05.png,Approved AI still — ice crowd,ice_still_v05
28,02:29.14,02:34.66,149.14,154.66,comet dirty in places and clean in others Most of the mass,Ice crowd — chunks/grains (approved AI; v07 edge fix only),approved-AI,stills_v05/saturn_ice_chunks_v05.png,Approved AI still — ice crowd,ice_still_v05
29,02:34.66,02:40.19,154.66,160.19,sits in chunks you could hold or in boulders the size of a,Cassini ring / shepherd moon shadows on the planet,NASA,https://photojournal.jpl.nasa.gov/catalog/PIA11561,NASA/JPL-Caltech/Space Science Institute (no endorsement implied) — PIA11561 ring/moon shadows,pia11561
30,02:40.19,02:45.71,160.19,165.71,house Rocky dust rides with the ice and slowly stains it cream,Cassini Division close — gaps as emptier roads,NASA,https://photojournal.jpl.nasa.gov/catalog/PIA06092,NASA/JPL-Caltech/Space Science Institute (no endorsement implied) — PIA06092 Cassini Division,pia06092
31,02:45.71,02:51.24,165.71,171.24,to tan Why call it a ring if it is only a,Cassini Finale Ringscape — last rings views,NASA,https://photojournal.jpl.nasa.gov/catalog/PIA21891,NASA/JPL-Caltech/Space Science Institute (no endorsement implied) — PIA21891 Finale Ringscape,pia21891
32,02:51.24,02:56.76,171.24,176.76,crowd of snowballs Because the crowd is flat Saturn’s gravity and the moons,Ice crowd — chunks/grains (approved AI; v07 edge fix only),approved-AI,stills_v05/saturn_ice_chunks_v05.png,Approved AI still — ice crowd,ice_still_v05
33,02:56.76,03:02.28,176.76,182.28,that shepherd the edges pack the paths into a plane The gaps,Cassini shepherd moons at the F-ring edge,NASA,https://photojournal.jpl.nasa.gov/catalog/PIA17157,NASA/JPL-Caltech/Space Science Institute (no endorsement implied) — PIA17157 shepherd moons,pia17157
34,03:02.28,03:07.81,182.28,187.81,are emptier roads The ice that remains still circles It does not,Cassini Saturn nested in ice rings,NASA,https://photojournal.jpl.nasa.gov/catalog/PIA08388,NASA/JPL-Caltech/Space Science Institute (no endorsement implied) — PIA08388 On the Final Frontier,pia08388
35,03:07.81,03:13.33,187.81,193.33,sit There is no roof Drop through those ten metres and you are,NEW Veo world — absurdly thin blade / ten-metre thickness (no Orbit),new-Veo-world,(to generate after Ben OK),New Veo world — edge-on thin blade / ten-metre thickness; NO Orbit,edge_on_veo
36,03:13.33,03:18.85,193.33,198.85,in open space again The atmosphere sits far below the inner edge,Cassini inside-out rings over the limb,NASA,https://photojournal.jpl.nasa.gov/catalog/PIA21897,NASA/JPL-Caltech/Space Science Institute (no endorsement implied) — PIA21897 Inside-Out Rings over limb,pia21897
37,03:18.85,03:24.38,198.85,204.38,banded and pale The unknown is not the recipe The unknown is,Cassini ring / shepherd moon shadows on the planet,NASA,https://photojournal.jpl.nasa.gov/catalog/PIA11561,NASA/JPL-Caltech/Space Science Institute (no endorsement implied) — PIA11561 ring/moon shadows,pia11561
38,03:24.38,03:29.90,204.38,209.9,the leak However bright the ice looks brightness is not a promise that,Cassini Division close — gaps as emptier roads,NASA,https://photojournal.jpl.nasa.gov/catalog/PIA06092,NASA/JPL-Caltech/Space Science Institute (no endorsement implied) — PIA06092 Cassini Division,pia06092
39,03:29.90,03:35.43,209.9,215.43,it stays That is the first answer the famous sheet is only,Cassini Finale Ringscape — last rings views,NASA,https://photojournal.jpl.nasa.gov/catalog/PIA21891,NASA/JPL-Caltech/Space Science Institute (no endorsement implied) — PIA21891 Finale Ringscape,pia21891
40,03:35.43,03:40.95,215.43,220.95,ice and it is already slipping away We make one of these,Approved open rings still — science cover only if NASA gap,approved-AI,stills_v06/saturn_open_rings_v06.png,Approved AI still — open rings plate,open_still_v06
41,03:40.95,03:46.47,220.95,226.47,every week Subscribing is how the next one finds you Here is one,Orbit tumble 0–3s fallback (approved),approved-AI,veo_v05/veo_orbit_tumble_v03_fallback_0-3s.mp4,Orbit tumble 0–3s fallback only,tumble_fb
42,03:46.47,03:52.00,226.47,232.0,way they go The smallest grains get a charge Sunlight and the,Cassini Saturn nested in ice rings,NASA,https://photojournal.jpl.nasa.gov/catalog/PIA08388,NASA/JPL-Caltech/Space Science Institute (no endorsement implied) — PIA08388 On the Final Frontier,pia08388
43,03:52.00,03:57.52,232.0,237.52,plasma around Saturn knock electrons about and a tiny piece of ice,Cassini grace of Saturn — rings winding past horizon,NASA,https://photojournal.jpl.nasa.gov/catalog/PIA21352,NASA/JPL-Caltech/Space Science Institute (no endorsement implied) — PIA21352 The Grace of Saturn,pia21352
44,03:57.52,04:03.04,237.52,243.04,stops being neutral Saturn’s magnetic field already threads the ring plane A charged,NASA Goddard 2018 ring-rain visualisation — ice falling from rings into Saturn (opening / rain beats),NASA,https://svs.gsfc.nasa.gov/12672/,NASA Goddard Scientific Visualization Studio — SVS #12672 Saturn's Rings Are Disappearing (2018 ring-rain viz),ring_rain_svs
45,04:03.04,04:08.57,243.04,248.57,grain feels that field It is lifted off its calm circle and,Cassini ring / shepherd moon shadows on the planet,NASA,https://photojournal.jpl.nasa.gov/catalog/PIA11561,NASA/JPL-Caltech/Space Science Institute (no endorsement implied) — PIA11561 ring/moon shadows,pia11561
46,04:08.57,04:14.09,248.57,254.09,guided down along the magnetic path into the upper atmosphere There the,Cassini natural-colour global Saturn + rings portrait,NASA,https://photojournal.jpl.nasa.gov/catalog/PIA06193,NASA/JPL-Caltech/Space Science Institute (no endorsement implied) — PIA06193 Greatest Saturn Portrait,pia06193
47,04:14.09,04:19.62,254.09,259.62,ice becomes vapour Water arriving from above Ring rain We did not need,NASA Goddard 2018 ring-rain visualisation — ice falling from rings into Saturn (opening / rain beats),NASA,https://svs.gsfc.nasa.gov/12672/,NASA Goddard Scientific Visualization Studio — SVS #12672 Saturn's Rings Are Disappearing (2018 ring-rain viz),ring_rain_svs
48,04:19.62,04:25.14,259.62,265.14,a spacecraft inside that rain to know it was there Astronomers on,Approved open rings still — science cover only if NASA gap,approved-AI,stills_v06/saturn_open_rings_v06.png,Approved AI still — open rings plate,open_still_v06
49,04:25.14,04:30.66,265.14,270.66,Earth using the Keck telescope watched the glow of that water in,Cassini Saturn nested in ice rings,NASA,https://photojournal.jpl.nasa.gov/catalog/PIA08388,NASA/JPL-Caltech/Space Science Institute (no endorsement implied) — PIA08388 On the Final Frontier,pia08388
50,04:30.66,04:36.19,270.66,276.19,Saturn’s upper air and measured how fast the ice was leaving At that,Cassini natural-colour global Saturn + rings portrait,NASA,https://photojournal.jpl.nasa.gov/catalog/PIA06193,NASA/JPL-Caltech/Space Science Institute (no endorsement implied) — PIA06193 Greatest Saturn Portrait,pia06193
51,04:36.19,04:41.71,276.19,281.71,magnetic rain rate alone the sheet would last about three hundred million,NASA Goddard 2018 ring-rain visualisation — ice falling from rings into Saturn (opening / rain beats),NASA,https://svs.gsfc.nasa.gov/12672/,NASA Goddard Scientific Visualization Studio — SVS #12672 Saturn's Rings Are Disappearing (2018 ring-rain viz),ring_rain_svs
52,04:41.71,04:47.23,281.71,287.23,years But that is only one path down Cassini went closer In,Cassini inside-out rings over the limb,NASA,https://photojournal.jpl.nasa.gov/catalog/PIA21897,NASA/JPL-Caltech/Space Science Institute (no endorsement implied) — PIA21897 Inside-Out Rings over limb,pia21897
53,04:47.23,04:52.76,287.23,292.76,2017 the orbiter flew twenty-two times through the gap between the innermost ring,Cassini Grand Finale atmospheric noodle mosaic — equator / bands,NASA,https://photojournal.jpl.nasa.gov/catalog/PIA21617,NASA/JPL-Caltech/Space Science Institute (no endorsement implied) — PIA21617 Grand Finale noodle mosaic,pia21617
54,04:52.76,04:58.28,292.76,298.28,and the cloud tops It was not sampling the magnetic rain from,NASA Goddard 2018 ring-rain visualisation — ice falling from rings into Saturn (opening / rain beats),NASA,https://svs.gsfc.nasa.gov/12672/,NASA Goddard Scientific Visualization Studio — SVS #12672 Saturn's Rings Are Disappearing (2018 ring-rain viz),ring_rain_svs
55,04:58.28,05:03.80,298.28,303.8,mid-latitudes It was flying through something bigger material pouring off the innermost,Cassini Finale Ringscape — last rings views,NASA,https://photojournal.jpl.nasa.gov/catalog/PIA21891,NASA/JPL-Caltech/Space Science Institute (no endorsement implied) — PIA21891 Finale Ringscape,pia21891
56,05:03.80,05:09.33,303.8,309.33,ring the D ring straight into Saturn’s equator That equatorial inflow is a,Cassini Grand Finale atmospheric noodle mosaic — equator / bands,NASA,https://photojournal.jpl.nasa.gov/catalog/PIA21617,NASA/JPL-Caltech/Space Science Institute (no endorsement implied) — PIA21617 Grand Finale noodle mosaic,pia21617
57,05:09.33,05:14.85,309.33,314.85,heavier leak than the magnetic rain alone Add it to the books,NASA Goddard 2018 ring-rain visualisation — ice falling from rings into Saturn (opening / rain beats),NASA,https://svs.gsfc.nasa.gov/12672/,NASA Goddard Scientific Visualization Studio — SVS #12672 Saturn's Rings Are Disappearing (2018 ring-rain viz),ring_rain_svs
58,05:14.85,05:20.38,314.85,320.38,and the sheet's remaining life drops to around a hundred million years,NASA ring-rain study still / artist's thinning rings — clock / lifetime beat,NASA,https://www.nasa.gov/news-release/nasa-research-reveals-saturn-is-losing-its-rings-at-worst-case-scenario-rate/,NASA Goddard press imagery / O'Donoghue ring-rain stills,ring_rain_press
59,05:20.38,05:25.90,320.38,325.9,So how long does the bright sheet have Put both measurements together and,Cassini natural-colour global Saturn + rings portrait,NASA,https://photojournal.jpl.nasa.gov/catalog/PIA06193,NASA/JPL-Caltech/Space Science Institute (no endorsement implied) — PIA06193 Greatest Saturn Portrait,pia06193
60,05:25.90,05:31.42,325.9,331.42,the honest answer is a range Somewhere between about a hundred and,Cassini inside-out rings over the limb,NASA,https://photojournal.jpl.nasa.gov/catalog/PIA21897,NASA/JPL-Caltech/Space Science Institute (no endorsement implied) — PIA21897 Inside-Out Rings over limb,pia21897
61,05:31.42,05:36.95,331.42,336.95,three hundred million years A blink next to Saturn's four and a,NASA ring-rain study still / artist's thinning rings — clock / lifetime beat,NASA,https://www.nasa.gov/news-release/nasa-research-reveals-saturn-is-losing-its-rings-at-worst-case-scenario-rate/,NASA Goddard press imagery / O'Donoghue ring-rain stills,ring_rain_press
62,05:36.95,05:42.47,336.95,342.47,half billion years You would not see either leak as weather from a,Cassini Division close — gaps as emptier roads,NASA,https://photojournal.jpl.nasa.gov/catalog/PIA06092,NASA/JPL-Caltech/Space Science Institute (no endorsement implied) — PIA06092 Cassini Division,pia06092
63,05:42.47,05:47.99,342.47,347.99,window The grains are too fine and the fall is too spread,Cassini Finale Ringscape — last rings views,NASA,https://photojournal.jpl.nasa.gov/catalog/PIA21891,NASA/JPL-Caltech/Space Science Institute (no endorsement implied) — PIA21891 Finale Ringscape,pia21891
64,05:47.99,05:53.52,347.99,353.52,out What you would see if you could watch for an age,Approved open rings still — science cover only if NASA gap,approved-AI,stills_v06/saturn_open_rings_v06.png,Approved AI still — open rings plate,open_still_v06
65,05:53.52,05:59.04,353.52,359.04,is the sheet growing thinner while Saturn’s bands stay put Now look backward,Cassini natural-colour global Saturn + rings portrait,NASA,https://photojournal.jpl.nasa.gov/catalog/PIA06193,NASA/JPL-Caltech/Space Science Institute (no endorsement implied) — PIA06193 Greatest Saturn Portrait,pia06193
66,05:59.04,06:04.57,359.04,364.57,The rain implies a beginning Wind the clock back along that same,NEW Veo world — younger heavier brighter rings (no Orbit),new-Veo-world,(to generate after Ben OK),New Veo world only — young/brighter heavier rings; NO Orbit,young_veo
67,06:04.57,06:10.09,364.57,370.09,scale and the sheet changes More mass Cleaner ice A harder white,NEW Veo world — younger heavier brighter rings (no Orbit),new-Veo-world,(to generate after Ben OK),New Veo world only — young/brighter heavier rings; NO Orbit,young_veo
68,06:10.09,06:15.61,370.09,375.61,because the dust had not had time to dirty it Saturn would still,Cassini inside-out rings over the limb,NASA,https://photojournal.jpl.nasa.gov/catalog/PIA21897,NASA/JPL-Caltech/Space Science Institute (no endorsement implied) — PIA21897 Inside-Out Rings over limb,pia21897
69,06:15.61,06:21.14,375.61,381.14,have been the ringed one only more so A broader blade A,Cassini ring / shepherd moon shadows on the planet,NASA,https://photojournal.jpl.nasa.gov/catalog/PIA11561,NASA/JPL-Caltech/Space Science Institute (no endorsement implied) — PIA11561 ring/moon shadows,pia11561
70,06:21.14,06:26.66,381.14,386.66,brighter one The planet underneath was already the planet The rings look,Cassini Division close — gaps as emptier roads,NASA,https://photojournal.jpl.nasa.gov/catalog/PIA06092,NASA/JPL-Caltech/Space Science Institute (no endorsement implied) — PIA06092 Cassini Division,pia06092
71,06:26.66,06:32.18,386.66,392.18,like a late arrival Why new when Saturn itself is about four and,Cassini Finale Ringscape — last rings views,NASA,https://photojournal.jpl.nasa.gov/catalog/PIA21891,NASA/JPL-Caltech/Space Science Institute (no endorsement implied) — PIA21891 Finale Ringscape,pia21891
72,06:32.18,06:37.71,392.18,397.71,a half billion years old Because a heavy ancient ring would still,Approved open rings still — science cover only if NASA gap,approved-AI,stills_v06/saturn_open_rings_v06.png,Approved AI still — open rings plate,open_still_v06
73,06:37.71,06:43.23,397.71,403.23,be heavy unless most of its mass has already gone in Most,Cassini natural-colour global Saturn + rings portrait,NASA,https://photojournal.jpl.nasa.gov/catalog/PIA06193,NASA/JPL-Caltech/Space Science Institute (no endorsement implied) — PIA06193 Greatest Saturn Portrait,pia06193
74,06:43.23,06:48.76,403.23,408.76,researchers read Cassini’s low mass as young a few hundred million years at,NASA ring-rain study still / artist's thinning rings — clock / lifetime beat,NASA,https://www.nasa.gov/news-release/nasa-research-reveals-saturn-is-losing-its-rings-at-worst-case-scenario-rate/,NASA Goddard press imagery / O'Donoghue ring-rain stills,ring_rain_press
75,06:48.76,06:54.28,408.76,414.28,most A few argue the rings could still be old and hide,Cassini grace of Saturn — rings winding past horizon,NASA,https://photojournal.jpl.nasa.gov/catalog/PIA21352,NASA/JPL-Caltech/Space Science Institute (no endorsement implied) — PIA21352 The Grace of Saturn,pia21352
76,06:54.28,06:59.80,414.28,419.8,their age another way The debate is open The honest line is,Cassini inside-out rings over the limb,NASA,https://photojournal.jpl.nasa.gov/catalog/PIA21897,NASA/JPL-Caltech/Space Science Institute (no endorsement implied) — PIA21897 Inside-Out Rings over limb,pia21897
77,06:59.80,07:05.33,419.8,425.33,narrower than a slogan the rings you see are ice they are already,Cassini ring / shepherd moon shadows on the planet,NASA,https://photojournal.jpl.nasa.gov/catalog/PIA11561,NASA/JPL-Caltech/Space Science Institute (no endorsement implied) — PIA11561 ring/moon shadows,pia11561
78,07:05.33,07:10.85,425.33,430.85,leaving and their birthday is not settled What if a moon came,NEW Veo world — younger heavier brighter rings (no Orbit),new-Veo-world,(to generate after Ben OK),New Veo world only — young/brighter heavier rings; NO Orbit,young_veo
79,07:10.85,07:16.37,430.85,436.37,too close and came apart That idea fits a young mass and,NEW Veo world — younger heavier brighter rings (no Orbit),new-Veo-world,(to generate after Ben OK),New Veo world only — young/brighter heavier rings; NO Orbit,young_veo
80,07:16.37,07:21.90,436.37,441.9,it is still an idea Inside the Roche limit Saturn’s gravity can pull,NEW Veo world — younger heavier brighter rings (no Orbit),new-Veo-world,(to generate after Ben OK),New Veo world only — young/brighter heavier rings; NO Orbit,young_veo
81,07:21.90,07:27.42,441.9,447.42,a moon into rubble and rubble in a plane becomes a ring,Cassini natural-colour global Saturn + rings portrait,NASA,https://photojournal.jpl.nasa.gov/catalog/PIA06193,NASA/JPL-Caltech/Space Science Institute (no endorsement implied) — PIA06193 Greatest Saturn Portrait,pia06193
82,07:27.42,07:32.95,447.42,452.95,Whatever their birthday the rings you know are ice and they are,NEW Veo world — younger heavier brighter rings (no Orbit),new-Veo-world,(to generate after Ben OK),New Veo world only — young/brighter heavier rings; NO Orbit,young_veo
83,07:32.95,07:38.47,452.95,458.47,already leaving Then the sheet you call famous is a phase not a,Cassini grace of Saturn — rings winding past horizon,NASA,https://photojournal.jpl.nasa.gov/catalog/PIA21352,NASA/JPL-Caltech/Space Science Institute (no endorsement implied) — PIA21352 The Grace of Saturn,pia21352
84,07:38.47,07:43.99,458.47,463.99,permanent face Take the ice away and stay with the planet Saturn,Bare Saturn without rings — approved AI world,approved-AI,veo_v05/stills/saturn_bare_planet_only_v05.png,Approved AI still — bare Saturn (no rings),bare_still_v05
85,07:43.99,07:49.52,463.99,469.52,is still there Pale gold bands A fast day a little over,Bare Saturn without rings — approved AI world,approved-AI,veo_v05/stills/saturn_bare_planet_only_v05.png,Approved AI still — bare Saturn (no rings),bare_still_v05
86,07:49.52,07:55.04,469.52,475.04,ten hours written as soft stripes in a deep atmosphere The curve of,Cassini Division close — gaps as emptier roads,NASA,https://photojournal.jpl.nasa.gov/catalog/PIA06092,NASA/JPL-Caltech/Space Science Institute (no endorsement implied) — PIA06092 Cassini Division,pia06092
87,07:55.04,08:00.56,475.04,480.56,the planet runs clean The shadow the rings used to cast on,Bare Saturn without rings — approved AI world,approved-AI,veo_v05/stills/saturn_bare_planet_only_v05.png,Approved AI still — bare Saturn (no rings),bare_still_v05
88,08:00.56,08:06.09,480.56,486.09,the clouds is gone The famous thing was never the body It,Approved open rings still — science cover only if NASA gap,approved-AI,stills_v06/saturn_open_rings_v06.png,Approved AI still — open rings plate,open_still_v06
89,08:06.09,08:11.61,486.09,491.61,was the ice in orbit around the body What would you see standing,Approved bare-Saturn + Orbit-from-behind still — slow push only (no composite),approved-AI,stills_v06/saturn_bare_orbit_v06.png,"Approved AI still — bare Saturn + Orbit from behind; slow push only, NO composite rebuild",bare_orbit_v06
90,08:11.61,08:17.14,491.61,497.14,in that later sky A giant banded and bright ordinary once you,Approved bare-Saturn + Orbit-from-behind still — slow push only (no composite),approved-AI,stills_v06/saturn_bare_orbit_v06.png,"Approved AI still — bare Saturn + Orbit from behind; slow push only, NO composite rebuild",bare_orbit_v06
91,08:17.14,08:22.66,497.14,502.66,stop using the rings as the definition You would feel the oddness,Cassini grace of Saturn — rings winding past horizon,NASA,https://photojournal.jpl.nasa.gov/catalog/PIA21352,NASA/JPL-Caltech/Space Science Institute (no endorsement implied) — PIA21352 The Grace of Saturn,pia21352
92,08:22.66,08:28.18,502.66,508.18,in the absence The planet does not notice The rain simply finishes and,Cassini inside-out rings over the limb,NASA,https://photojournal.jpl.nasa.gov/catalog/PIA21897,NASA/JPL-Caltech/Space Science Institute (no endorsement implied) — PIA21897 Inside-Out Rings over limb,pia21897
93,08:28.18,08:33.71,508.18,513.71,the paths that carried it have nothing left to carry So the,Cassini ring / shepherd moon shadows on the planet,NASA,https://photojournal.jpl.nasa.gov/catalog/PIA11561,NASA/JPL-Caltech/Space Science Institute (no endorsement implied) — PIA11561 ring/moon shadows,pia11561
94,08:33.71,08:39.23,513.71,519.23,whole story fits in one breath You would see a thin sheet,Cassini farewell mosaic — full Saturn + rings,NASA,https://photojournal.jpl.nasa.gov/catalog/PIA17218,NASA/JPL-Caltech/Space Science Institute (no endorsement implied) — PIA17218 A Farewell to Saturn,pia17218
95,08:39.23,08:44.75,519.23,524.75,of water ice vast and bright already raining into Saturn magnetic rain measured,NASA Goddard 2018 ring-rain visualisation — ice falling from rings into Saturn (opening / rain beats),NASA,https://svs.gsfc.nasa.gov/12672/,NASA Goddard Scientific Visualization Studio — SVS #12672 Saturn's Rings Are Disappearing (2018 ring-rain viz),ring_rain_svs
96,08:44.75,08:50.28,524.75,530.28,from Earth and a heavier equatorial leak Cassini flew through on its,Cassini Finale Ringscape — last rings views,NASA,https://photojournal.jpl.nasa.gov/catalog/PIA21891,NASA/JPL-Caltech/Space Science Institute (no endorsement implied) — PIA21891 Finale Ringscape,pia21891
97,08:50.28,08:55.80,530.28,535.8,last dives The mass is too small for a forever-disc so the,Cassini farewell mosaic — full Saturn + rings,NASA,https://photojournal.jpl.nasa.gov/catalog/PIA17218,NASA/JPL-Caltech/Space Science Institute (no endorsement implied) — PIA17218 A Farewell to Saturn,pia17218
98,08:55.80,09:01.33,535.8,541.33,clock sits somewhere between about a hundred and three hundred million years The,NASA ring-rain study still / artist's thinning rings — clock / lifetime beat,NASA,https://www.nasa.gov/news-release/nasa-research-reveals-saturn-is-losing-its-rings-at-worst-case-scenario-rate/,NASA Goddard press imagery / O'Donoghue ring-rain stills,ring_rain_press
99,09:01.33,09:06.85,541.33,546.85,rings are a phase Saturn is the thing that remains What else,Cassini grace of Saturn — rings winding past horizon,NASA,https://photojournal.jpl.nasa.gov/catalog/PIA21352,NASA/JPL-Caltech/Space Science Institute (no endorsement implied) — PIA21352 The Grace of Saturn,pia21352
100,09:06.85,09:12.37,546.85,552.37,in the sky are you treating as permanent only because it is,Cassini inside-out rings over the limb,NASA,https://photojournal.jpl.nasa.gov/catalog/PIA21897,NASA/JPL-Caltech/Space Science Institute (no endorsement implied) — PIA21897 Inside-Out Rings over limb,pia21897
101,09:12.37,09:17.90,552.37,557.9,bright The rings are the clearest case The mystery is how much of,Cassini ring / shepherd moon shadows on the planet,NASA,https://photojournal.jpl.nasa.gov/catalog/PIA11561,NASA/JPL-Caltech/Space Science Institute (no endorsement implied) — PIA11561 ring/moon shadows,pia11561
102,09:17.90,09:23.42,557.9,563.42,that sky is temporary Next What Happens When the Last Star Dies,Cassini farewell mosaic — full Saturn + rings,NASA,https://photojournal.jpl.nasa.gov/catalog/PIA17218,NASA/JPL-Caltech/Space Science Institute (no endorsement implied) — PIA17218 A Farewell to Saturn,pia17218
