row,source,vo_in,vo_out,vo_text
1,PIA24765.jpg,0.000,5.667,A robot built to last ninety days on Mars kept going for more than fourteen years.
2,PIA07372.jpg,5.667,9.833,"Why did it survive so long, and what finally stopped it?"
3,PIA22210.jpg,9.833,14.100,Mars does not crush machines. It does not melt them.
3,PIA21268.jpg,14.100,18.800,It wears them down slowly in ways you already know from home.
4,PIA11132.jpg,18.800,23.000,"The cold that kills a phone battery, the dust on a windscreen,"
4,PIA15115.jpg,23.000,25.800,a tire that finally splits.
5,PIA20284.jpg,25.800,29.833,So could a robot survive on Mars? Could Orbit?
5,PIA17759.jpg,29.833,34.333,"In this film, I will show you what Mars does to the machines we send,"
5,PIA19109.jpg,34.333,37.067,how some of them lasted far longer than anyone
5,PIA18098.jpg,37.067,40.833,"planned, and what it really takes to stay alive there."
6,PIA20283.jpg,40.833,45.933,"At first glance, Mars looks like a desert you could drive across. Red"
6,PIA20284.jpg,45.933,50.800,"rock, rolling dunes, a hazy sky. It is a trick of the eye."
7,PIA00382.jpg,50.800,56.700,The air is so thin that the pressure at the ground is less than one percent of Earth's.
7,PIA10738.jpg,56.700,60.900,The average temperature is about minus sixty degrees.
7,PIA25413.jpg,60.900,66.433,"At the first Viking landing site, nights fell to nearly minus ninety."
8,PIA13580.jpg,66.433,70.600,And because the air is thin and Mars has no global magnetic
8,PIA26559.jpg,70.600,74.833,"shield, radiation reaches the ground. Curiosity"
8,PIA25176.jpg,74.833,78.500,"measured it. In one day on Mars, the dose"
8,PIA22207.jpg,78.500,82.333,is roughly what you would get in three months on Earth.
9,PIA16096.jpg,82.333,86.333,A person would need a pressure suit just to stand there.
9,PIA20316.jpg,86.333,90.167,"But a robot does not breathe, and it does not get"
9,PIA24543.jpg,90.167,93.567,sick. So the thin air and the radiation
9,PIA23240.jpg,93.567,97.600,are not what usually ends a robot's life on Mars.
10,PIA11798.jpg,97.600,101.467,"The killers are quieter: cold,"
10,PIA12457.jpg,101.467,106.400,"dust, wear. Of the robots that landed"
10,PIA21486.jpg,106.400,111.100,"safely and went to work, most were stopped by one of those three."
11,PIA17792.jpg,111.100,116.433,"And whatever goes wrong, nobody can rush to help. A radio signal"
11,PIA23214.jpg,116.433,121.800,takes from about three minutes to more than twenty to cross between the planets
11,PIA25681.jpg,121.800,127.733,each way. Nobody can steer a rover live like a toy car.
11,PIA26717.jpg,127.733,133.333,Every robot on Mars has to look after itself between messages from home.
12,PIA09090.jpg,133.333,137.000,Start with the cold because you have felt what it does.
12,PIA15024.jpg,137.000,140.467,Take your phone out on a freezing day and watch the battery
12,PIA26673.gif,140.467,144.467,drop. Electronics and batteries hate deep cold.
13,PIA07882.jpg,144.467,148.967,"On Mars, every night is colder than any winter night in a British"
13,PIA20328.jpg,148.967,152.033,"garden, so a rover spends part of its power"
13,PIA19400.jpg,152.033,157.367,"just keeping its own insides warm, like a person burning energy to shiver."
13,orbit_mars_cold_omni_v01.mp4,157.367,160.867,That only works while power keeps coming in.
14,PIA12142.jpg,160.867,165.633,"In 2009, the rover Spirit drove into soft sand"
14,PIA12203.jpg,165.633,170.733,"at a place the team called Troy, and its wheels sank. It could not climb"
14,PIA12337.jpg,170.733,175.967,out. It could not tilt its solar panels towards the low winter sun.
14,PIA12203.jpg,175.967,180.633,"As the days shortened, its power fell. On the"
14,PIA07882.jpg,180.633,185.800,"22nd of March, 2010, Spirit sent its last message."
15,PIA07371.jpg,185.800,190.267,"Spirit did not break apart. It got stuck, and"
15,PIA01907.jpg,190.267,194.267,winter did the rest. Its mission had been planned for
15,PIA16933.jpg,194.267,198.667,ninety days. It worked for more than six years.
16,PIA25739.jpg,198.667,203.267,"The cold can be even more direct. In 2008,"
16,PIA13804.jpg,203.267,208.333,the Phoenix lander touched down near the North Pole of Mars to dig for ice.
16,PIA10665.jpg,208.333,214.233,"When winter came, it went silent. Two years later, a spacecraft in"
16,PIA12490.jpg,214.233,218.433,"orbit photographed it again. Its solar panels looked broken,"
16,PIA13804.jpg,218.433,224.333,most likely bent by the weight of frost and ice that had built up over the winter.
17,PIA24542.jpg,224.333,227.133,We make one of these every week.
17,PIA24264.jpg,227.133,230.933,Subscribing is how the next one finds you.
18,PIA18093.jpg,230.933,235.167,Spirit had a twin on the far side of Mars. It lasted
18,PIA16122.jpg,235.167,238.633,"much longer, and the reason was the wind."
19,PIA10128.jpg,238.633,244.067,"Mars is a dusty world. Fine red dust settles on everything, including"
19,PIA11799.jpg,244.067,248.567,solar panels. A panel under dust is like a windscreen nobody wipes.
19,PIA20329.jpg,248.567,254.467,Less and less light gets through. A rover that runs on sunlight slowly starves.
20,PIA07458.jpg,254.467,259.367,"Opportunity should have starved within months. Instead, again and again, Martian"
20,PIA06739.jpg,259.367,264.133,wind and passing dust devils swept its panels clean. The team
20,PIA18079.jpg,264.133,269.667,"called them cleaning events. Each one gave the rover back its power, and it kept driving."
20,PIA17759.jpg,269.667,274.567,Ninety days became years. Years became more than fourteen.
21,PIA22330.jpg,274.567,279.300,"Then, in 2018, a storm grew until it wrapped the whole planet."
21,PIA18079.jpg,279.300,283.267,The sky over Opportunity grew so dark that almost no
21,PIA22520.jpg,283.267,289.267,"sunlight reached its panels. On the 10th of June, 2018, Opportunity sent its"
21,PIA26716.jpg,289.267,293.700,last signal. Engineers on Earth sent more than a thousand commands
21,PIA22520.jpg,293.700,298.700,over the next eight months asking it to wake up. It never answered.
22,PIA07372.jpg,298.700,303.667,What finally stopped the most successful rover of its time was not cold
22,PIA22928.jpg,303.667,307.633,or rock. It was the sky turning off.
23,PIA23203.jpg,307.633,312.233,"Why does dust matter so much? Because on Mars, there is no"
23,PIA25286.jpg,312.233,316.733,rain to wash anything clean. The lander InSight spent four
23,PIA23177.jpg,316.733,321.933,years listening for Mars quakes and felt more than a thousand of them. But dust
23,PIA22871.jpg,321.933,325.833,"kept building on its panels. In December 2022,"
23,PIA25287.jpg,325.833,331.000,"it went quiet the same way. Not broken, just out of light."
24,PIA23305.jpg,331.000,335.567,Even a robot that never runs out of power wears out. Curiosity
24,PIA23306.jpg,335.567,340.667,"runs on a nuclear power source, a small supply of plutonium that gives off heat"
24,PIA22486.jpg,340.667,345.800,"day and night, dust or no dust. When the 2018 storm"
24,PIA22486.jpg,345.800,350.933,"darkened Opportunity's sky, Curiosity kept working in another part of the planet."
25,PIA17751.jpg,350.933,355.167,But its wheels had a different problem. They are thin aluminum
25,PIA26016.jpg,355.167,359.933,"made light enough to fly to Mars. In 2013, the team noticed"
25,orbit_mars_wheel_omni_v01.mp4,359.933,364.300,holes. Sharp rocks were punching through like a tire on broken
25,PIA15693.jpg,364.300,369.033,"glass. Since then, the drivers have planned routes around the sharpest"
25,PIA16112.jpg,369.033,373.300,"ground, and they photograph the wheels to watch the damage grow."
26,KSC-20200730-PH-FMX01_0042.jpg,373.300,377.833,Why not just build the wheels tougher? Because every kilogram has to be
26,KSC-20200730-PH-KLS01_0001.jpg,377.833,382.600,"launched off Earth, carried for months, slowed from thousands of kilometers an"
26,PIA24333.jpg,382.600,386.867,"hour, and set down gently on another world. On Mars,"
26,PIA14839.jpg,386.867,390.733,strength always has to be weighed against getting there at all.
27,PIA24593.jpg,390.733,396.000,And then there is the little helicopter. Ingenuity was built for up to five
27,PIA25739.jpg,396.000,401.067,test flights over 30 days in air 1% as thick as ours.
27,PIA26236.jpg,401.067,406.367,It flew 72 times over almost three years. In January
27,PIA26237.jpg,406.367,411.400,"2024, after its last landing, images showed damage to its rotor"
27,PIA26243.jpg,411.400,416.700,blades. It could not fly again. It is still standing on Mars.
28,PIA23305.jpg,416.700,420.833,So could a robot survive on Mars? Yes.
28,PIA01907.jpg,420.833,425.867,"Not forever, and not alone. The robots that last are the ones with a"
28,PIA19920.jpg,425.867,430.100,"steady supply of power, heaters to fight the night, and a team on"
28,PIA26344.jpg,430.100,434.833,Earth who drive carefully around every sharp rock. Sometimes they
28,PIA24264.jpg,434.833,439.233,also need luck in the shape of a gust of wind at the right moment.
29,PIA23246.jpg,439.233,443.500,That is what Mars teaches. Survival there is not
29,PIA14129.jpg,443.500,447.700,one heroic moment. It is a thousand small decisions
29,PIA17590.jpg,447.700,451.400,made from another planet every single day.
30,KSC-2011-6687.jpg,451.400,456.367,"What would Orbit need? Power that does not depend on a clear sky,"
30,PIA09090.jpg,456.367,462.000,"a way to stay warm through the night, a shell tough enough for sharp ground,"
30,PIA19920.jpg,462.000,466.867,and someone at home watching. What if the real story of every
30,PIA20316.jpg,466.867,472.367,"Mars robot is not how it died, but how long people kept it going?"
31,PIA15694.jpg,472.367,478.300,The bigger question sits in the tracks they leave. Every robot that stops on Mars
31,PIA07371.jpg,478.300,483.333,"stays exactly where it stopped, and the dust slowly covers it."
32,PIA24765.jpg,483.333,490.200,"Next week, how far is the nearest star?"
