row,vo_in,vo_out,source,id,src_in,src_out,move,vo_text,caption,chapter,grade,fallback
1,0.0,5.46,GODDARD,SVS 10925,stretch 1: eruption already rising off the limb at frame 0,,,The sun is getting brighter. Why does it brighten while it runs down?,,open,,SVS 11517
2,5.46,7.56,NASA,iss074e0494675,,,push 4%,You are looking at the light on your face,,open,,
3,7.56,11.12,GODDARD,SVS 11517,stretch 1: graceful eruption mid-rise,,,and a prominence is already lifting off the limb.,,open,,
4,11.12,16.56,NASA,GSFC_20171208_Archive_e002168,,,push 5%,The danger is not that ribbon. The danger is a slow climb that is already true.,,open,,
5,16.56,18.2,NASA,PIA21783,,,pull 4%,It is not the spots.,,open,,
6,18.2,21.5,NASA,s85e5052,,,pan L-R 4%,It is not the warming of a human century.,,open,,
7,21.5,25.18,NASA,GSFC_20171208_Archive_e002035,,,push 4%,"In this film, I will show you why the light rises,",,open,,
8,25.18,30.82,NASA,PIA22123,,,pull 5%,what the sky was like under a fainter sun and what happens as it keeps climbing.,,open,,
9,30.82,34.74,GODDARD,SVS 13778,stretch 1: prominence eruption (mute: licensed music),,,The motion is real and it is the wrong clock.,"CHAPTER CARD (lower third, 2.5 s): The Climb You Cannot See",ch1,,SVS 11517 stretch 2
10,34.74,38.56,NASA,PIA22123,,,drift up 4%,A prominence is plasma held in the sun's magnetic field.,,ch1,,
11,38.56,43.88,NASA,GSFC_20171208_Archive_e001052,,,push 5%,"It can hang, fall back or break away. In a day, it is over.",,ch1,,
12,43.88,49.28,NASA,GSFC_20171208_Archive_e000970,,,pan L-R 4%,Your eyes are built for that. They are not built for the change in the title.,,ch1,,
13,49.28,55.42,NASA,GSFC_20171208_Archive_e002035,,,push 5%,"So is the sun getting brighter? Yes. Not by a ribbon you could watch from the garden,",,ch1,,
14,55.42,59.12,CODE,zoom_nolabels.mp4,0-12 s (no baked captions: VISUAL MUST),,,"by a slow rise in the light of the whole star,",,ch1,,
15,59.12,63.36,NASA,PIA20881,,,drift up 4%,"about 1 % brighter in every 110 million years,",,ch1,,
16,63.36,68.44,NASA,s85e5052,,,push 5%,as it uses its hydrogen. Schroeder and Conn and Smith published that,,ch1,,
17,68.44,73.48,NASA,GSFC_20171208_Archive_e001363,,,pan L-R 4%,pace in 2008 in a model of the sun's long life.,,ch1,,
18,73.48,78.42,GODDARD,SVS 3548,"solar minimum, then cut to SVS 3549 maximum",,,What if the spots were the whole story? They are not. Across a cycle,,ch1,,
19,78.42,84.72,NASA,PIA22662,,,pan R-L 4%,"of about 11 years, the total light wobbles by about a 10th of 1%.",,ch1,,
20,84.72,91.1,GODDARD,SVS 3549,solar maximum,,,"Spots darken a patch, brighter faculae make up the rest and a little more.",,ch1,,
21,91.1,97.2,NASA,PIA22123,,,push 5%,"The wobble rises, falls and comes back. It is not a climb.",,ch1,,
22,97.2,102.18,NASA,iss017e011603,,,pan R-L 4%,The warming measured on earth is a different ledger written in the air over decades.,,ch1,,
23,102.18,106.96,NASA,GSFC_20171208_Archive_e001052,,,pull 5%,This film does not say the sun has brightened enough in your lifetime,,ch1,,
24,106.96,111.04,NASA,GSFC_20171208_Archive_e000970,,,pan R-L 4%,"to be that warming. Across a human life,",,ch1,,
25,111.04,115.06,NASA,PIA20881,,,drift up 4%,the 1 % climb is far smaller than the sunspot wobble.,,ch1,,
26,115.06,118.68,NASA,s85e5052,,,push 5%,You will not see it and you will not feel it.,,ch1,,
27,118.68,124.92,NASA,GSFC_20171208_Archive_e002035,,,pull 5%,Now the strange question. Why would a star brighten while its fuel is running down?,,ch1,,
28,124.92,128.58,GODDARD,SVS 31400,stretch 1: churning interior flows,,,The fuel is hydrogen. The ash is helium.,"CHAPTER CARD (lower third, 2.5 s): Brighter While It Runs Down",ch2,,
29,128.58,133.84,NASA,PIA20881,,,pan R-L 4%,The change sits in the core where the disc you see cannot show it.,,ch2,,
30,133.84,138.56,CODE,core_nolabels.mp4,"0-12 s: H to He, core tightening (no text)",,,"Deep inside, the sun is fusing hydrogen into helium.",,ch2,,
31,138.56,143.9,NASA,PIA22662,,,push 5%,The net of the proton -proton chain is simple enough to say aloud.,,ch2,,
32,143.9,148.4,NASA,PIA22645,,,pan L-R 4%,Four hydrogen nuclei become one helium nucleus.,,ch2,,
33,148.4,153.18,NASA,PIA21764,,,pull 5%,A little mass becomes energy and that energy is the light.,,ch2,,
34,153.18,157.3,NASA,iss074e0494675,,,pan L-R 4%,The radiation that leaves the surface takes eight minutes to reach you.,,ch2,,
35,157.3,161.08,NASA,GSFC_20171208_Archive_e001978,,,drift up 4%,The energy was made long before that.,,ch2,,
36,161.08,166.22,GODDARD,SVS 31400,stretch 2,,,Here is the turn. Helium is not a second sort of hydrogen.,,ch2,,
37,166.22,171.32,NASA,PIA22360,,,pan L-R 4%,Each helium nucleus locks up more mass in fewer particles.,,ch2,,
38,171.32,176.36,NASA,PIA15377,,,pull 5%,"As the core fills with ash, fewer particles remain to hold the star up against",,ch2,,
39,176.36,181.54,NASA,PIA22724,,,pan R-L 4%,gravity. Pressure would fall unless something else rose.,,ch2,,
40,181.54,185.46,CODE,core_nolabels.mp4,second pass from 6 s: the core tightens and the light floods out,,,So the core contracts a little. It heats.,,ch2,,
41,185.46,190.32,NASA,GSFC_20171208_Archive_e000808,,,push 5%,Hotter hydrogen fuses faster. Faster fusion releases more,,ch2,,
42,190.32,195.4,NASA,GSFC_20171208_Archive_e000393,,,pan L-R 4%,energy and the star brightens. The sun brightens because it is,,ch2,,
43,195.4,201.94,NASA,PIA22662,,,pull 5%,running down. The waste in the middle leaves the fire no choice but to burn harder.,,ch2,,
44,201.94,207.12,GODDARD,SVS 11112,gradient Sun,,,That is the first payoff. The tank is not dimming as it empties.,,ch2,,
45,207.12,211.76,NASA,PIA22645,,,drift up 4%,About 1 % more light in every 110 million years.,,ch2,,
46,211.76,218.14,NASA,PIA21764,,,push 5%,For as long as this remains the star you know. The spectrum drifts only a little hotter.,,ch2,,
47,218.14,223.3,NASA,GSFC_20171208_Archive_e001978,,,pan L-R 4%,"What changes is the amount of light, not a new color on a walk.",,ch2,,
48,223.3,226.82,NASA,GSFC_20171208_Archive_e002035,,,push 6%,What would you see across a hundred million years?,,ch2,,
49,226.82,232.12,NASA,PIA22360,,,pan R-L 4%,"Almost nothing at first, then a sun about 1 % more severe.",,ch2,,
50,232.12,236.9,NASA,PIA15377,,,drift up 4%,"No mystery in it, just mass, gravity and ash.",,ch2,,
51,236.9,242.38,GODDARD,SVS 5649,stretch 1: restless disc (no on-screen text),,,We make one of these every week. Subscribing is how the next one finds you.,,sub,,
52,242.38,248.44,NASA,s09-11-675,,,push 4%,But the sun over your street is not the sun that a young earth knew.,,ch3,,
53,248.44,254.44,NASA,GSFC_20171208_Archive_e002035,,,pull 5%,"Wind the clock back. When earth was young, this same star was fainter.","CHAPTER CARD (lower third, 2.5 s): When the Light Was Less",ch3,"young Sun: -30% brightness, slightly cooler (orange-ward)",
54,254.44,259.32,GODDARD,SVS 11853,"faint young Sun stretch, picture only (mute, no text frames)",,,Solar models put the early sun near 70 % of today's light.,,ch3,,NASA GSFC_20171208_Archive_e000888
55,259.32,264.02,NASA,as4-01-750,,,drift up 4%,Roughly 30 % dimmer than the disk in your sky.,,ch3,,
56,264.02,267.98,NASA,s04-41-1206,,,push 5%,The 1 % rule is today's pace. It is not a flat rate.,,ch3,,
57,267.98,274.48,NASA,sl4-142-4577,,,pan L-R 4%,You can run backwards across the whole life of the star. The young sun was the dimmer one.,,ch3,,
58,274.48,279.36,NASA,GSFC_20171208_Archive_e000888,,,push 5%,Then the paradox arrives. A star that faint should have left the,,ch3,,
59,279.36,283.38,NASA,S66-25771,,,pan R-L 4%,early earth frozen. The rocks say otherwise.,,ch3,,
60,283.38,287.24,NASA,GSFC_20171208_Archive_e000888,,,drift up 4%,There was liquid water. There was an ocean. How does,,ch3,,
61,287.24,290.82,NASA,ast-27-2339,,,push 5%,a dimmer sun sit over a wet world?,,ch3,,
62,290.82,295.3,NASA,s36-07-012,,,pan L-R 4%,"The usual repair is the air. More greenhouse gas,",,ch3,,
63,295.3,301.52,NASA,as4-01-750,,,pull 5%,carbon dioxide and early methane held heat. The weaker sunlight did not supply.,,ch3,,
64,301.52,307.3,NASA,s04-41-1206,,,pan R-L 4%,"The faint young sun is a paradox with an answer, not a hole in the model.",,ch3,,
65,307.3,311.3,NASA,sl4-142-4577,,,drift up 4%,The sunlight was less. The atmosphere did more.,,ch3,,
66,311.3,315.84,NASA,S66-25771,,,push 5%,How warm that early air was is still partly unknown.,,ch3,,
67,315.84,320.64,OMNI,Orbit young-Sun shore,"Orbit hangs small against the dimmer disc, visor tilted up, one hand lifted (ORBIT ACTS); 5-6 s, one take",,,"What would you have seen from that shore? A sun that gave less heat,",,ch3,dim young disc in plate,NASA s04-41-1206 push 4% (Omni down: stay on the world)
68,320.64,326.32,NASA,GSFC_20171208_Archive_e000888,,,pull 5%,a sky that may not have been this blue and a day that was not yet yours.,,ch3,,
69,326.32,329.92,NASA,ast-27-2339,,,pan R-L 4%,The light was enough for water once the air had taken its share.,,ch3,,
70,329.92,334.0,NASA,as4-01-750,,,drift up 4%,It was not the daylight you were standing in.,,ch3,,
71,334.0,342.58,EDIT,two-disc compare,"GSFC_20171208_Archive_e002035 twice, same framing: left graded young, right today",,,"Until the two suns sit side by side, the daylight you trust feels finished. It is the middle of a climb.",,ch3,left -30% and cooler; right as shot,
72,342.58,347.7,NASA,GSFC_20171208_Archive_e002035,,,push 5%,Now run today's pace forward. 1 % in 110 million years.,"CHAPTER CARD (lower third, 2.5 s): Ten Percent More",ch4,,
73,347.7,352.76,NASA,S06-46-617,,,pull 5%,"10 % takes about 10 of those steps, a bit over a billion years.",,ch4,,
74,352.76,358.58,NASA,iss071e364425,,,pan R-L 4%,"Schroeder and Collins -Smith follow the rise and place a harder limit for earth near a billion years from now,",,ch4,,
75,358.58,362.08,NASA,iss072e617674,,,drift up 4%,when the sun is on the order of 10 % brighter.,,ch4,,
76,362.08,366.74,NASA,iss072e769023,,,push 4%,"More light warms the surface, warmer air holds more water.",,ch4,,
77,366.74,373.14,NASA,sts064-83-099,,,pan R-L 4%,Water vapor is itself a greenhouse gas. Why the oceans would feel it is that water in the air.,,ch4,,
78,373.14,376.72,NASA,s44-94-051,,,pull 5%,"Past the limit, they can begin to lose water to space.",,ch4,,
79,376.72,380.28,NASA,GSFC_20171208_Archive_e002131,,,pan R-L 4%,The name for that threshold is a moist greenhouse.,,ch4,,
80,380.28,385.64,NASA,STS067-709-007,,,drift up 4%,It is not next century. It is the far side of the same climb.,,ch4,,
81,385.64,390.72,OMNI,Orbit brighter-Sun cloud,"Orbit tips towards the brighter disc, then towards a thin bright skin of cloud; small, low in frame; 5-6 s",,,"Could a shoreline survive it? Not one that still needs an ocean,",,ch4,"future Sun: +10% brightness, scale 1.04",NASA iss071e364425 push 4% (Omni down: stay on the world)
82,390.72,395.1,NASA,as08-16-2588,,,pan L-R 4%,but life under this star has a very long while yet.,,ch4,,
83,395.1,399.84,NASA,sts065-86-095,,,pull 5%,The number matters because of its direction. The sun does not sit still and then fail all,,ch4,,
84,399.84,403.5,NASA,GSFC_20171208_Archive_e002130,,,pan R-L 4%,at once. It leans brighter the whole way.,,ch4,,
85,403.5,408.68,NASA,GSFC_20171208_Archive_e002035,,,push 4%,"The disk swells only slowly through this stretch, a little larger.",,ch4,"future Sun: +10% brightness, scale 1.04 (no red giant)",
86,408.68,413.84,NASA,S06-46-617,,,push 5%,The thing that changes the shore is the light. The great red swelling comes later,,ch4,,
87,413.84,418.82,NASA,iss071e364425,,,pan L-R 4%,and it belongs to another film. This one stops at the brightening.,,ch4,,
88,418.82,423.82,NASA,iss071e439624,,,pan L-R 4%,The blue can last a very long time. It cannot last forever under a star that,,ch4,,
89,423.82,427.58,NASA,iss072e617674,,,pan R-L 4%,only turns one way.,,ch4,,
90,427.58,431.84,NASA,s39-610-037,,,push 4%,"However bright that future disk is, you are not standing under it.",,ch5,,
91,431.84,436.54,GODDARD,SVS 5649,stretch 2,,,You are standing in the middle of the climb. The fainter sun is behind you.,"CHAPTER CARD (lower third, 2.5 s): The Sun You Already Have",ch5,,
92,436.54,442.08,NASA,GSFC_20171208_Archive_e000414,,,pan L-R 4%,The 10 % sun is further off than any civilization you can picture.,,ch5,,
93,442.08,446.8,NASA,GSFC_20171208_Archive_e001517,,,pull 5%,Overhead is the star that learned to be this bright and it is still learning.,,ch5,,
94,446.8,450.44,NASA,PIA17669,,,pan R-L 4%,About 1 % every 110 million years.,,ch5,,
95,450.44,456.8,NASA,GSFC_20171208_Archive_e000759,,,drift up 4%,A 10th of 1 % up and down with the spots. A prominence when the cameras want motion.,,ch5,,
96,456.8,461.3,CODE,clocks.mp4,0-10 s: three clocks lit in turn,,,Free clocks. Only one of them answers the title.,,ch5,,
97,461.3,466.22,NASA,GSFC_20171208_Archive_e002035,,,push 5%,The sun is getting brighter because the helium in its core leaves the fire no choice.,,ch5,,
98,466.22,472.5,NASA,GSFC_20171208_Archive_e000991,,,pull 5%,Earth has lived the dimmer half. The oceans are still here because the climb has not gone too far.,,ch5,,
99,472.5,478.7,NASA,s09-11-675,,,pan R-L 4%,That is timing and it is also just the physics running in ordinary daylight.,,ch5,,
100,478.7,482.4,NASA,iss071e439624,,,pull 4%,"What if the real question was never whether the sun is changing,",,ch5,,
101,482.4,487.34,NASA,GSFC_20171208_Archive_e000414,,,push 5%,but whether you arrived while the light is still gentle enough for a blue sky.,,ch5,,
102,487.34,492.44,NASA,as08-16-2588,,,push 4%,The bigger question sits in that blue. How long can it last under a,,end,,
103,492.44,496.14,NASA,GSFC_20171208_Archive_e002131,,,pull 5%,star that brightens while it burns?,,end,,
104,496.14,518.64,GODDARD,SVS 10925,"stretch 2: a different stretch from the open, prominence in motion; hold to the end",,,"Next door, there is a planet that may already have taken that path. Next week, what happened to Venus?",,end,,
